elapsed_s,gpu_mem_used_mib,gpu_util_pct,top_rss_kib,host_avail_mib
0,1,0,108168,1440868
5,92978,0,3724824,1437591
10,92984,0,3953828,1437442
16,92992,0,4548944,1436592
21,92992,0,4566608,1436710
26,92992,0,4822680,1436268
31,92982,0,3817624,1437277
36,92984,0,4018520,1437114
41,92992,0,4542304,1436483
46,92992,0,4567328,1436502
51,92992,0,4835372,1436165
56,32942,0,1982928,1438959
61,33018,0,2495248,1438608
66,33026,0,2612928,1438428
72,33030,100,2833784,1438166
77,33030,100,2833856,1438177
82,33030,100,2833856,1438184
87,33030,100,2833864,1438193
92,33030,100,2833868,1438200
97,33030,100,2833868,1437908
102,33030,100,2833868,1438246
107,33030,100,2833868,1438286
112,33030,100,2833868,1438284
117,33030,100,2833868,1438339
122,33030,100,2833880,1438354
128,33030,100,2833904,1438332
133,33030,100,2833904,1438358
138,33030,100,2833904,1438374
143,33030,100,2833904,1438392
148,33030,100,2833904,1438465
153,33030,100,2833904,1438365
158,33030,100,2833904,1438467
163,33030,100,2833904,1438478
168,33030,100,2833904,1438532
173,33030,100,2833916,1438511
178,33030,100,2833936,1438510
183,33030,100,2833940,1438502
188,33030,100,2833940,1438516
194,33030,100,2833940,1438515
199,33030,100,2833940,1438515
204,33030,100,2833940,1438597
209,33030,100,2833940,1438578
214,33030,100,2833940,1438578
219,33030,100,2833940,1438582
224,33030,100,2833944,1438583
229,33030,100,2833968,1438575
234,33030,100,2833968,1438556
239,33030,100,2833972,1438528
244,33030,100,2833972,1438587
250,33030,100,2833972,1438599
255,33030,100,2833972,1438601
260,33030,100,2833972,1438613
265,33030,100,2833972,1438597
270,33030,100,2833972,1436968
275,33030,100,2833972,1437901
280,33030,100,2833988,1437918
285,33030,100,2833988,1438014
290,33030,100,2833988,1438093
295,33030,100,2833992,1438130
300,33030,100,2833992,1438144
305,33030,100,2833992,1438099
311,33030,100,2833992,1437891
316,33030,100,2833992,1436605
321,33030,100,2833992,1436503
326,33030,100,2833992,1436285
331,33030,100,2834012,1436405
336,33030,100,2834012,1436342
341,33030,100,2834012,1438543
346,33030,100,2834012,1438511
351,33030,100,2834012,1438499
356,33030,100,2834012,1438601
362,33030,100,2834012,1438606
367,33030,100,2834012,1438580
372,33030,100,2834012,1438605
377,33030,100,2834012,1437074
382,33030,100,2834032,1438121
387,33030,100,2834032,1438167
392,33030,100,2834032,1438179
397,33030,100,2834032,1438322
402,33030,100,2834032,1438235
407,33030,100,2834032,1438244
412,33030,100,2834032,1438257
418,33030,100,2834032,1438292
423,33030,100,2834032,1438327
428,33030,100,2834032,1438321
433,33030,100,2834032,1438318
438,33030,100,2834032,1438340
443,33030,100,2834032,1438293
448,33030,100,2834032,1438385
453,33030,100,2834032,1438403
458,33030,100,2834032,1438306
463,33030,100,2834032,1438365
468,33030,100,2834032,1438373
474,33030,100,2834032,1438380
479,33030,100,2834032,1438405
484,33030,100,2834032,1436305
489,33030,100,2834032,1437856
494,33030,100,2834032,1437899
499,33030,100,2834032,1437926
504,33030,100,2834032,1438083
509,33030,100,2834032,1437995
514,33030,100,2834032,1438030
519,33030,100,2834032,1438035
524,33030,100,2834032,1438077
529,33030,100,2834032,1438171
535,33030,100,2834032,1438195
540,33030,100,2834032,1438191
545,33030,100,2834032,1438202
550,33030,100,2834032,1438231
555,33030,100,2834032,1438248
560,33030,100,2834032,1438286
565,33030,100,2834032,1438306
570,33030,100,2834032,1438405
575,33030,100,2834032,1438319
580,33030,100,2834032,1438334
585,33030,100,2834032,1438340
591,33030,100,2834032,1438372
596,33030,100,2834032,1438401
601,33030,100,2834032,1438315
606,33030,100,2834032,1438449
611,33030,100,2834032,1438450
616,33030,100,2834032,1438424
621,33030,100,2834032,1438426
626,33030,100,2834032,1438458
631,33030,100,2834032,1438392
636,33030,100,2834032,1438434
641,33030,100,2834032,1438440
646,33030,100,2834032,1438479
651,33030,100,2834032,1438480
657,33030,100,2834032,1438462
662,33030,100,2834032,1438510
667,33030,100,2834032,1438515
672,33030,100,2834032,1438583
677,33030,100,2834032,1438609
682,33030,100,2834032,1438544
687,33030,100,2834032,1438545
692,33030,100,2834032,1438541
697,33030,100,2834032,1438555
702,33030,100,2834032,1438565
707,33030,100,2834032,1438518
712,33030,100,2834032,1438523
718,33030,100,2834032,1438524
723,33030,100,2834032,1438532
728,33030,100,2834032,1438574
733,33030,100,2834032,1438591
738,33030,100,2834032,1438581
743,33030,100,2834032,1438578
748,33030,100,2834032,1438637
753,33030,100,2834032,1438693
758,33030,100,2834032,1438695
763,33030,100,2834032,1437549
768,33030,100,2834032,1437801
773,33030,100,2834032,1437869
779,33030,100,2834032,1437909
784,33030,100,2834032,1437937
789,33030,100,2834032,1437981
794,33030,100,2834032,1438006
799,33030,100,2834032,1438071
804,33030,100,2834032,1438110
809,33030,100,2834032,1437986
814,33030,100,2834032,1437349
819,33030,100,2834032,1436384
824,33030,100,2834032,1436314
829,33030,100,2834032,1435123
834,33030,100,2834032,1435547
840,33030,100,2834032,1435610
845,33030,100,2834032,1435788
850,33030,100,2834032,1435873
855,33030,100,2834032,1435918
860,33030,100,2834032,1435870
865,33030,100,2834032,1435870
870,33030,100,2834032,1436040
875,33030,100,2834032,1436144
880,33030,100,2834032,1435916
885,33030,100,2834032,1436072
890,33030,100,2834032,1436104
895,33030,100,2834032,1436133
901,33030,100,2834032,1438061
906,33030,100,2834032,1437231
911,33030,100,2834032,1438494
916,33030,100,2834032,1438463
921,33030,100,2834032,1438469
926,33030,100,2834032,1438481
931,33030,100,2834032,1438479
936,33030,100,2834032,1438430
941,33030,100,2834032,1438436
946,33030,100,2834032,1438421
951,33030,100,2834032,1438447
957,33030,100,2834032,1438448
962,33030,100,2834032,1438496
967,33030,100,2834032,1438450
972,33030,100,2834032,1437962
977,33030,100,2834032,1436344
982,33030,100,2834032,1437599
987,33030,100,2834032,1437808
992,33030,100,2834032,1437856
997,33030,100,2834032,1436616
1002,33030,100,2834032,1437598
1008,33030,100,2834032,1437623
1013,33030,100,2834032,1437698
1018,33030,100,2834032,1437718
1023,33030,100,2834032,1437760
1028,33030,100,2834032,1437799
1033,33030,100,2834032,1437872
1038,33030,100,2834032,1437939
1043,33030,100,2834032,1437998
1048,33030,100,2834032,1438185
1053,33030,100,2834032,1438193
1058,33030,100,2834032,1438187
1064,33030,100,2834032,1438202
1069,33030,100,2834032,1438196
1074,33030,100,2834032,1438221
1079,33030,100,2834032,1437733
1084,33030,100,2834032,1437832
1089,33030,100,2834032,1437982
1094,33030,100,2834032,1437918
1099,33030,100,2834032,1437983
1104,33030,100,2834032,1437920
1109,92978,0,3410504,1437319
1114,93060,0,4405828,1436475
1119,93060,0,4442920,1436475
1125,93072,100,4752096,1436157
1130,93072,100,4752144,1436151
1135,93072,100,4752144,1436170
1140,93072,100,4752148,1436217
1145,93072,100,4752220,1436195
1150,93072,100,4752228,1436252
1155,93072,100,4752228,1436335
1160,93072,100,4752228,1436378
1165,93072,100,4752228,1436491
1170,93072,100,4752228,1436501
1176,93072,100,4752232,1436520
1181,93072,100,4752264,1436577
1186,93072,100,4752264,1436588
1191,93072,100,4752264,1436583
1196,93072,100,4752264,1436562
1201,93072,100,4752264,1436566
1206,93072,100,4752264,1436559
1211,93072,100,4752264,1436578
1216,93072,100,4752264,1436582
1221,93072,100,4752264,1436595
1226,93072,100,4752264,1436585
1232,93072,100,4752296,1436595
1237,93072,100,4752300,1436593
1242,93072,100,4752300,1436550
1247,93072,100,4752300,1436555
1252,93072,100,4752300,1435254
1257,93072,100,4752300,1435706
1262,93072,100,4752300,1435939
1267,93072,100,4752300,1435887
1272,93072,100,4752300,1435806
1277,93072,100,4752304,1435949
1282,93072,100,4752324,1435970
1288,93072,100,4752324,1435907
1293,93072,100,4752328,1435503
1298,93072,100,4752332,1434691
1303,93072,100,4752332,1434579
1308,93072,100,4752332,1436241
1313,93072,100,4752332,1436270
1318,93072,100,4752332,1436305
1323,93072,100,4752332,1436284
1328,93072,100,4752332,1436287
1333,93072,100,4752348,1436321
1338,93072,100,4752348,1436348
1344,93072,100,4752352,1436346
1349,93072,100,4752352,1436410
1354,93072,100,4752352,1436175
1359,93072,100,4752352,1435964
1364,93072,100,4752352,1435664
1369,93072,100,4752352,1434466
1374,93072,100,4752352,1434088
1379,93072,100,4752352,1434103
1384,93072,100,4752360,1432739
1389,93072,100,4752372,1433782
1395,93072,100,4752372,1433819
1400,93072,100,4752372,1433810
1405,93072,100,4752372,1433855
1410,93072,100,4752372,1433864
1415,93072,100,4752372,1433899
1420,93072,100,4752372,1433921
1425,93072,100,4752372,1433911
1430,93072,100,4752372,1433933
1435,93072,100,4752384,1433967
1440,93072,100,4752392,1433978
1445,93072,100,4752392,1433993
1451,93072,100,4752392,1434001
1456,93072,100,4752392,1434025
1461,93072,100,4752392,1434046
1466,93072,100,4752392,1434049
1471,93072,100,4752392,1434069
1476,93072,100,4752392,1434092
1481,93072,100,4752392,1433994
1486,93072,100,4752392,1434068
1491,93072,100,4752392,1434079
1496,93072,100,4752392,1434000
1501,93072,100,4752392,1434118
1507,93072,100,4752392,1434111
1512,93072,100,4752392,1431605
1517,93072,100,4752392,1433855
1522,93072,100,4752392,1433898
1527,93072,100,4752392,1433908
1532,93072,100,4752392,1433863
1537,93072,100,4752392,1433906
1542,93072,100,4752392,1433938
1547,93072,100,4752392,1433948
1552,93072,100,4752392,1433959
1557,93072,100,4752392,1433977
1563,93072,100,4752392,1434012
1568,93072,100,4752392,1434020
1573,93072,100,4752392,1434029
1578,93072,100,4752392,1433238
1583,93072,100,4752392,1433249
1588,93072,100,4752392,1433369
1593,93072,100,4752392,1433399
1598,93072,100,4752392,1433423
1603,93072,100,4752392,1433454
1608,93072,100,4752392,1433427
1613,93072,100,4752392,1433529
1618,93072,100,4752392,1433568
1623,93072,100,4752392,1433519
1629,93072,100,4752392,1433646
1634,93072,100,4752392,1433718
1639,93072,100,4752392,1433746
1644,93072,100,4752392,1433534
1649,93072,100,4752392,1432749
1654,93072,100,4752392,1434174
1659,93072,100,4752392,1434078
1664,93072,100,4752392,1434140
1669,93072,100,4752392,1434139
1674,93072,100,4752392,1434171
1679,93072,100,4752392,1434155
1684,93072,100,4752392,1434143
1690,93072,100,4752392,1434132
1695,93072,100,4752392,1434142
1700,93072,100,4752392,1434085
1705,93072,100,4752392,1434097
1710,93072,100,4752392,1434096
1715,93072,100,4752392,1434102
1720,93072,100,4752392,1434131
1725,93072,100,4752392,1434145
1730,93072,100,4752392,1434246
1735,93072,100,4752392,1434271
1740,93072,100,4752392,1434278
1746,93072,100,4752392,1434241
1751,93072,100,4752392,1434278
1756,93072,100,4752392,1434294
1761,93072,100,4752392,1434210
1766,93072,100,4752392,1434401
1771,93072,100,4752392,1434402
1776,93072,100,4752392,1434377
1781,93072,100,4752392,1434400
1786,93072,100,4752392,1433210
1791,93072,100,4752392,1433009
1797,93072,100,4752392,1436848
1802,93072,100,4752392,1436502
1807,93072,100,4752392,1436631
1812,93072,100,4752392,1436683
1817,93072,100,4752392,1435734
1822,93072,100,4752392,1436421
1827,93072,100,4752392,1436520
1832,93072,100,4752392,1436158
1837,93072,100,4752392,1436480
1842,93072,100,4752392,1436402
1848,93072,100,4752392,1436573
1853,93072,100,4752392,1436670
1858,93072,100,4752392,1436793
1863,93072,100,4752392,1436823
1868,93072,100,4752392,1436845
1873,93072,100,4752392,1436862
1878,93072,100,4752392,1436938
1883,93072,100,4752392,1436952
1888,93072,100,4752392,1436988
1893,93072,100,4752392,1436991
1898,93072,100,4752392,1436993
1904,93072,100,4752392,1436830
1909,93072,100,4752392,1436895
1914,93072,100,4752392,1437021
1919,93072,100,4752392,1436925
1924,93072,100,4752392,1436911
1929,93072,100,4752392,1436912
1934,93072,100,4752392,1436929
1939,93072,100,4752392,1436889
1944,93072,100,4752392,1436468
1949,93072,100,4752392,1436672
1954,93072,100,4752392,1436628
1960,93072,100,4752392,1436670
1965,93072,100,4752392,1436685
1970,93072,100,4752392,1436705
1975,93072,100,4752392,1436754
1980,93072,100,4752392,1436766
1985,93072,100,4752392,1436762
1990,93072,100,4752392,1436783
1995,93072,100,4752392,1436711
2000,93072,100,4752392,1436721
2005,93072,100,4752392,1436761
2011,93072,100,4752392,1436776
2016,93072,100,4752392,1436829
2021,93072,100,4752392,1436858
2026,93072,100,4752392,1436889
2031,93072,100,4752392,1436901
2036,93072,100,4752392,1436895
2041,93072,100,4752392,1436919
2046,93072,100,4752392,1436921
2051,93072,100,4752392,1436880
2056,93072,100,4752392,1436894
2061,93072,100,4752392,1436914
2067,93072,100,4752392,1436914
2072,93072,100,4752392,1436908
2077,93072,100,4752392,1436919
2082,93072,100,4752392,1436917
2087,93072,100,4752392,1436944
2092,93072,100,4752392,1437008
2097,93072,100,4752392,1436990
2102,93072,100,4752392,1436939
2107,93072,100,4752392,1436943
2112,93072,100,4752392,1436892
2117,93072,100,4752392,1436933
2123,93072,100,4752392,1436916
2128,93072,100,4752392,1436878
2133,93072,100,4752392,1436915
2138,93072,100,4752392,1436910
2143,93072,100,4752392,1436891
2148,93072,100,4752392,1436864
2153,93072,100,4752392,1436856
2158,93072,100,4752392,1436847
2163,590,1,801916,1440625
2168,92984,0,4159904,1437387
2173,93060,0,4426360,1436999
2179,93068,0,4722352,1435870
2184,93072,100,4755344,1435961
2189,93072,100,4755344,1436035
2194,93072,100,4755348,1436181
2199,93072,100,4755348,1436278
2204,93072,100,4755420,1436356
2209,93072,100,4755428,1436390
2214,93072,100,4755428,1436458
2219,93072,100,4755428,1436469
2224,93072,100,4755428,1436492
2230,93072,100,4755432,1436519
2235,93072,100,4755460,1436513
2240,93072,100,4755464,1436536
2245,93072,100,4755464,1436532
2250,93072,100,4755464,1436588
2255,93072,100,4755464,1436593
2260,93072,100,4755464,1436626
2265,93072,100,4755464,1436627
2270,93072,100,4755464,1436638
2275,93072,100,4755464,1436650
2280,93072,100,4755464,1436603
2286,93072,100,4755496,1436657
2291,93072,100,4755500,1436648
2296,93072,100,4755500,1436643
2301,93072,100,4755500,1436663
2306,93072,100,4755500,1436653
2311,93072,100,4755500,1435952
2316,93072,100,4755500,1436053
2321,93072,100,4755500,1436077
2326,93072,100,4755500,1436115
2331,93072,100,4755500,1436131
2336,93072,100,4755528,1436264
2342,93072,100,4755528,1436162
2347,93072,100,4755528,1436190
